,Unnamed: 0,Player,Tm,Age,Pos,G,Tgt,Rec,Ctch%,Yds,Y/R,TD,Y/Tgt,R/G,Y/G,Player-additional,Cmp,Att,P_Yds,P_TD,Year
0,0,CooperKupp,LAR,28,WR,17,191,145,75.9%,1947,13.4,16,10.2,8.5,114.5,KuppCo00,406.0,607.0,4642.0,41.0,2021
1,1,VanJefferson,LAR,25,WR,17,89,50,56.2%,802,16.0,6,9.0,2.9,47.2,JeffVa00,406.0,607.0,4642.0,41.0,2021
2,2,RobertWoods,LAR,29,WR,9,69,45,65.2%,556,12.4,4,8.1,5.0,61.8,WoodRo02,406.0,607.0,4642.0,41.0,2021
3,3,BenSkowronek,LAR,24,WR,14,20,11,55.0%,133,12.1,0,6.7,0.8,9.5,SkowBe00,406.0,607.0,4642.0,41.0,2021
4,4,DavanteAdams,GNB,29,WR,16,169,123,72.8%,1553,12.6,11,9.2,7.7,97.1,AdamDa01,402.0,593.0,4315.0,39.0,2021
5,5,AllenLazard,GNB,26,WR,15,60,40,66.7%,513,12.8,8,8.6,2.7,34.2,LazaAl00,402.0,593.0,4315.0,39.0,2021
6,6,RandallCobb,GNB,31,WR,12,39,28,71.8%,375,13.4,5,9.6,2.3,31.3,CobbRa00,402.0,593.0,4315.0,39.0,2021
7,7,MarquezValdesScantling,GNB,27,WR,11,55,26,47.3%,430,16.5,3,7.8,2.4,39.1,ValdMa00,402.0,593.0,4315.0,39.0,2021
8,8,EquanimeousStBrown,GNB,25,WR,13,17,9,52.9%,98,10.9,0,5.8,0.7,7.5,St.BEq00,402.0,593.0,4315.0,39.0,2021
9,9,JuwannWinfree,GNB,25,WR,7,13,8,61.5%,58,7.3,0,4.5,1.1,8.3,WinfJu00,402.0,593.0,4315.0,39.0,2021
10,10,AmariRodgers,GNB,22,WR,16,8,4,50.0%,45,11.3,0,5.6,0.3,2.8,RodgAm00,402.0,593.0,4315.0,39.0,2021
11,11,MalikTaylor,GNB,26,WR,10,3,2,66.7%,14,7.0,0,4.7,0.2,1.4,TaylMa01,402.0,593.0,4315.0,39.0,2021
12,12,TyreekHill,KAN,27,WR,17,159,111,69.8%,1239,11.2,9,7.8,6.5,72.9,HillTy00,448.0,675.0,4791.0,37.0,2021
13,13,MecoleHardman,KAN,23,WR,17,83,59,71.1%,693,11.7,2,8.3,3.5,40.8,HardMe00,448.0,675.0,4791.0,37.0,2021
14,14,ByronPringle,KAN,28,WR,17,60,42,70.0%,568,13.5,5,9.5,2.5,33.4,PrinBy00,448.0,675.0,4791.0,37.0,2021
15,15,DemarcusRobinson,KAN,27,WR,17,41,25,61.0%,264,10.6,3,6.4,1.5,15.5,RobiDe01,448.0,675.0,4791.0,37.0,2021
16,16,JodyFortson,KAN,26,WR,6,5,5,100.0%,47,9.4,2,9.4,0.8,7.8,FortJo01,448.0,675.0,4791.0,37.0,2021
17,17,JoshGordon,KAN,30,WR,12,14,5,35.7%,32,6.4,1,2.3,0.4,2.7,GordJo02,448.0,675.0,4791.0,37.0,2021
18,18,MarcusKemp,KAN,26,WR,16,5,2,40.0%,24,12.0,0,4.8,0.1,1.5,KempMa00,448.0,675.0,4791.0,37.0,2021
19,19,JustinJefferson,MIN,22,WR,17,167,108,64.7%,1616,15.0,10,9.7,6.4,95.1,JeffJu00,398.0,604.0,4238.0,34.0,2021
20,20,AdamThielen,MIN,31,WR,13,95,67,70.5%,726,10.8,10,7.6,5.2,55.8,ThieAd00,398.0,604.0,4238.0,34.0,2021
21,21,KJOsborn,MIN,24,WR,17,82,50,61.0%,655,13.1,7,8.0,2.9,38.5,OsboKJ00,398.0,604.0,4238.0,34.0,2021
22,22,DedeWestbrook,MIN,28,WR,15,15,10,66.7%,68,6.8,0,4.5,0.7,4.5,WestDe00,398.0,604.0,4238.0,34.0,2021
23,23,IhmirSmithMarsette,MIN,22,WR,8,6,5,83.3%,116,23.2,2,19.3,0.6,14.5,SmitIh00,398.0,604.0,4238.0,34.0,2021
24,24,DiontaeJohnson,PIT,25,WR,16,169,107,63.3%,1161,10.9,8,6.9,6.7,72.6,JohnDi01,425.0,664.0,3778.0,23.0,2021
25,25,ChaseClaypool,PIT,23,WR,15,105,59,56.2%,860,14.6,2,8.2,3.9,57.3,ClayCh01,425.0,664.0,3778.0,23.0,2021
26,26,RayRayMcCloud,PIT,25,WR,16,66,39,59.1%,277,7.1,0,4.2,2.4,17.3,McClRa00,425.0,664.0,3778.0,23.0,2021
27,27,JamesWashington,PIT,25,WR,15,44,24,54.5%,285,11.9,2,6.5,1.6,19.0,WashJa00,425.0,664.0,3778.0,23.0,2021
28,28,JuJuSmithSchuster,PIT,25,WR,5,28,15,53.6%,129,8.6,0,4.6,3.0,25.8,SmitJu00,425.0,664.0,3778.0,23.0,2021
29,29,CodyWhite,PIT,23,WR,15,6,5,83.3%,33,6.6,0,5.5,0.3,2.2,WhitCo05,425.0,664.0,3778.0,23.0,2021
30,30,KeenanAllen,LAC,29,WR,16,157,106,67.5%,1138,10.7,6,7.2,6.6,71.1,AlleKe00,443.0,674.0,4800.0,38.0,2021
31,31,MikeWilliams,LAC,27,WR,16,129,76,58.9%,1146,15.1,9,8.9,4.8,71.6,WillMi07,443.0,674.0,4800.0,38.0,2021
32,32,JoshPalmer,LAC,23,WR,17,49,33,67.3%,353,10.7,4,7.2,1.9,20.8,PalmJo00,443.0,674.0,4800.0,38.0,2021
33,33,JalenGuyton,LAC,24,WR,16,48,31,64.6%,448,14.5,3,9.3,1.9,28.0,GuytJa01,443.0,674.0,4800.0,38.0,2021
34,34,JasonMoore,LAC,26,WR,2,4,3,75.0%,56,18.7,0,14.0,1.5,28.0,MoorJa02,443.0,674.0,4800.0,38.0,2021
35,35,JaylenWaddle,MIA,23,WR,16,140,104,74.3%,1015,9.8,6,7.3,6.5,63.4,WaddJa00,404.0,615.0,3651.0,21.0,2021
36,36,DeVanteParker,MIA,28,WR,10,73,40,54.8%,515,12.9,2,7.1,4.0,51.5,ParkDe01,404.0,615.0,3651.0,21.0,2021
37,37,AlbertWilson,MIA,29,WR,14,39,25,64.1%,213,8.5,0,5.5,1.8,15.2,WilsAl02,404.0,615.0,3651.0,21.0,2021
38,38,MackHollins,MIA,28,WR,17,28,14,50.0%,223,15.9,4,8.0,0.8,13.1,HollMa00,404.0,615.0,3651.0,21.0,2021
39,39,IsaiahFord,MIA,25,WR,13,17,12,70.6%,161,13.4,2,9.5,0.9,12.4,FordIs00,404.0,615.0,3651.0,21.0,2021
40,40,PrestonWilliams,MIA,24,WR,8,16,6,37.5%,71,11.8,0,4.4,0.8,8.9,WillPr01,404.0,615.0,3651.0,21.0,2021
41,41,WillFuller,MIA,27,WR,2,8,4,50.0%,26,6.5,0,3.3,2.0,13.0,FullWi01,404.0,615.0,3651.0,21.0,2021
42,42,TommyleeLewis,MIA,29,WR,2,2,1,50.0%,7,7.0,0,3.5,0.5,3.5,LewiTo00,404.0,615.0,3651.0,21.0,2021
43,43,KirkMerritt,MIA,24,WR,2,3,1,33.3%,13,13.0,0,4.3,0.5,6.5,MerrKi00,404.0,615.0,3651.0,21.0,2021
44,44,StefonDiggs,BUF,28,WR,17,164,103,62.8%,1225,11.9,10,7.5,6.1,72.1,DiggSt00,415.0,655.0,4284.0,36.0,2021
45,45,ColeBeasley,BUF,32,WR,16,112,82,73.2%,693,8.5,1,6.2,5.1,43.3,BeasCo00,415.0,655.0,4284.0,36.0,2021
46,46,EmmanuelSanders,BUF,34,WR,14,72,42,58.3%,626,14.9,4,8.7,3.0,44.7,SandEm00,415.0,655.0,4284.0,36.0,2021
47,47,GabrielDavis,BUF,22,WR,16,63,35,55.6%,549,15.7,6,8.7,2.2,34.3,DaviGa01,415.0,655.0,4284.0,36.0,2021
48,48,IsaiahMcKenzie,BUF,26,WR,15,26,20,76.9%,178,8.9,1,6.8,1.3,11.9,McKeIs00,415.0,655.0,4284.0,36.0,2021
49,49,JakeKumerow,BUF,29,WR,15,6,2,33.3%,28,14.0,0,4.7,0.1,1.9,KumeJa00,415.0,655.0,4284.0,36.0,2021
50,50,HunterRenfrow,LVR,26,WR,17,128,103,80.5%,1038,10.1,9,8.1,6.1,61.1,RenfHu00,429.0,628.0,4567.0,23.0,2021
51,51,ZayJones,LVR,26,WR,17,70,47,67.1%,546,11.6,1,7.8,2.8,32.1,JoneZa00,429.0,628.0,4567.0,23.0,2021
52,52,BryanEdwards,LVR,23,WR,16,59,34,57.6%,571,16.8,3,9.7,2.1,35.7,EdwaBr01,429.0,628.0,4567.0,23.0,2021
53,53,HenryRuggsIII,LVR,22,WR,7,36,24,66.7%,469,19.5,2,13.0,3.4,67.0,RuggHe00,429.0,628.0,4567.0,23.0,2021
54,54,ChrisGodwin,TAM,25,WR,14,127,98,77.2%,1103,11.3,5,8.7,7.0,78.8,GodwCh00,492.0,731.0,5229.0,43.0,2021
55,55,MikeEvans,TAM,28,WR,16,114,74,64.9%,1035,14.0,14,9.1,4.6,64.7,EvanMi00,492.0,731.0,5229.0,43.0,2021
56,56,AntonioBrown,TAM,33,WR,7,62,42,67.7%,545,13.0,4,8.8,6.0,77.9,BrowAn04,492.0,731.0,5229.0,43.0,2021
57,57,TylerJohnson,TAM,23,WR,17,55,36,65.5%,360,10.0,0,6.5,2.1,21.2,JohnTy00,492.0,731.0,5229.0,43.0,2021
58,58,BreshadPerriman,TAM,28,WR,6,18,11,61.1%,167,15.2,1,9.3,1.8,27.8,PerrBr02,492.0,731.0,5229.0,43.0,2021
59,59,CyrilGrayson,TAM,28,WR,5,12,10,83.3%,212,21.2,2,17.7,2.0,42.4,GrayCy01,492.0,731.0,5229.0,43.0,2021
60,60,JaelonDarden,TAM,22,WR,9,12,6,50.0%,43,7.2,0,3.6,0.7,4.8,DardJa00,492.0,731.0,5229.0,43.0,2021
61,61,ScottMiller,TAM,24,WR,9,9,5,55.6%,38,7.6,0,4.2,0.6,4.2,MillSc01,492.0,731.0,5229.0,43.0,2021
62,62,DJMoore,CAR,24,WR,17,163,93,57.1%,1157,12.4,4,7.1,5.5,68.1,MoorD.00,348.0,599.0,3239.0,14.0,2021
63,63,ChosenAnderson,CAR,28,WR,17,110,53,48.2%,519,9.8,5,4.7,3.1,30.5,AndeRo04,348.0,599.0,3239.0,14.0,2021
64,64,BrandonZylstra,CAR,28,WR,13,25,18,72.0%,250,13.9,1,10.0,1.4,19.2,ZylsBr00,348.0,599.0,3239.0,14.0,2021
65,65,TerraceMarshallJr,CAR,21,WR,13,30,17,56.7%,138,8.1,0,4.6,1.3,10.6,MarsTe00,348.0,599.0,3239.0,14.0,2021
66,66,ShiSmith,CAR,23,WR,6,11,6,54.5%,104,17.3,0,9.5,1.0,17.3,SmitSh03,348.0,599.0,3239.0,14.0,2021
67,67,AlexErickson,CAR,29,WR,17,4,3,75.0%,55,18.3,0,13.8,0.2,3.2,EricAl01,348.0,599.0,3239.0,14.0,2021
68,68,KeithKirkwood,CAR,27,WR,3,7,3,42.9%,17,5.7,0,2.4,1.0,5.7,KirkKe00,348.0,599.0,3239.0,14.0,2021
69,69,CJSaunders,CAR,25,WR,2,2,2,100.0%,11,5.5,0,5.5,1.0,5.5,SaunCJ00,348.0,599.0,3239.0,14.0,2021
70,70,MarquiseBrown,BAL,24,WR,16,146,91,62.3%,1008,11.1,6,6.9,5.7,63.0,BrowMa04,396.0,611.0,3961.0,21.0,2021
71,71,RashodBateman,BAL,22,WR,12,68,46,67.6%,515,11.2,1,7.6,3.8,42.9,BateRa00,396.0,611.0,3961.0,21.0,2021
72,72,DevinDuvernay,BAL,24,WR,16,47,33,70.2%,272,8.2,2,5.8,2.1,17.0,DuveDe00,396.0,611.0,3961.0,21.0,2021
73,73,SammyWatkins,BAL,28,WR,13,49,27,55.1%,394,14.6,1,8.0,2.1,30.3,WatkSa00,396.0,611.0,3961.0,21.0,2021
74,74,JamesProche,BAL,25,WR,14,20,16,80.0%,202,12.6,0,10.1,1.1,14.4,ProcJa00,396.0,611.0,3961.0,21.0,2021
75,75,TylanWallace,BAL,22,WR,17,6,2,33.3%,23,11.5,0,3.8,0.1,1.4,WallTy00,396.0,611.0,3961.0,21.0,2021
76,76,MilesBoykin,BAL,25,WR,8,1,1,100.0%,6,6.0,0,6.0,0.1,0.8,BoykMi00,396.0,611.0,3961.0,21.0,2021
77,77,BrandinCooks,HOU,28,WR,16,134,90,67.2%,1037,11.5,6,7.7,5.6,64.8,CookBr00,354.0,546.0,3305.0,21.0,2021
78,78,NicoCollins,HOU,22,WR,14,60,33,55.0%,446,13.5,1,7.4,2.4,31.9,CollNi00,354.0,546.0,3305.0,21.0,2021
79,79,DannyAmendola,HOU,36,WR,8,38,24,63.2%,248,10.3,3,6.5,3.0,31.0,AmenDa00,354.0,546.0,3305.0,21.0,2021
80,80,ChrisConley,HOU,29,WR,16,37,22,59.5%,323,14.7,2,8.7,1.4,20.2,ConlCh00,354.0,546.0,3305.0,21.0,2021
81,81,ChrisMoore,HOU,28,WR,12,22,21,95.5%,227,10.8,2,10.3,1.8,18.9,MoorCh00,354.0,546.0,3305.0,21.0,2021
82,82,DavionDavis,HOU,25,WR,2,3,1,33.3%,17,17.0,0,5.7,0.5,8.5,DaviDa03,354.0,546.0,3305.0,21.0,2021
83,83,AmonRaStBrown,DET,22,WR,17,119,90,75.6%,912,10.1,5,7.7,5.3,53.6,StxxAm00,396.0,593.0,3598.0,23.0,2021
84,84,KalifRaymond,DET,27,WR,16,71,48,67.6%,576,12.0,4,8.1,3.0,36.0,RaymKa00,396.0,593.0,3598.0,23.0,2021
85,85,QuintezCephus,DET,23,WR,5,22,15,68.2%,204,13.6,2,9.3,3.0,40.8,CephQu00,396.0,593.0,3598.0,23.0,2021
86,86,KhaDarelHodge,DET,26,WR,16,27,13,48.1%,157,12.1,0,5.8,0.8,9.8,HodgKh00,396.0,593.0,3598.0,23.0,2021
87,87,TrinityBenson,DET,24,WR,8,22,10,45.5%,103,10.3,0,4.7,1.3,12.9,BensTr00,396.0,593.0,3598.0,23.0,2021
88,88,TomKennedy,DET,25,WR,12,10,6,60.0%,54,9.0,0,5.4,0.5,4.5,KennTo01,396.0,593.0,3598.0,23.0,2021
89,89,TyrellWilliams,DET,29,WR,1,3,2,66.7%,14,7.0,0,4.7,2.0,14.0,WillTy00,396.0,593.0,3598.0,23.0,2021
90,90,GeronimoAllison,DET,27,WR,3,2,0,0.0%,0,,0,0.0,0.0,0.0,AlliGe01,396.0,593.0,3598.0,23.0,2021
91,91,MichaelPittmanJr,IND,24,WR,17,129,88,68.2%,1082,12.3,6,8.4,5.2,63.6,PittMi01,324.0,521.0,3361.0,27.0,2021
92,92,ZachPascal,IND,27,WR,16,69,38,55.1%,384,10.1,3,5.6,2.4,24.0,PascZa00,324.0,521.0,3361.0,27.0,2021
93,93,TYHilton,IND,32,WR,10,37,23,62.2%,331,14.4,3,8.9,2.3,33.1,HiltT.00,324.0,521.0,3361.0,27.0,2021
94,94,AshtonDulin,IND,24,WR,17,22,13,59.1%,173,13.3,2,7.9,0.8,10.2,DuliAs00,324.0,521.0,3361.0,27.0,2021
95,95,ParrisCampbell,IND,24,WR,6,20,10,50.0%,162,16.2,1,8.1,1.7,27.0,CampPa00,324.0,521.0,3361.0,27.0,2021
96,96,DezmonPatmon,IND,23,WR,8,4,2,50.0%,21,10.5,1,5.3,0.3,2.6,PatmDe00,324.0,521.0,3361.0,27.0,2021
97,97,MikeStrachan,IND,24,WR,6,3,2,66.7%,26,13.0,0,8.7,0.3,4.3,StraMi03,324.0,521.0,3361.0,27.0,2021
98,98,KekeCoutee,IND,24,WR,2,1,1,100.0%,5,5.0,0,5.0,0.5,2.5,CoutKe00,324.0,521.0,3361.0,27.0,2021
99,99,JakobiMeyers,NWE,25,WR,17,126,83,65.9%,866,10.4,2,6.9,4.9,50.9,MeyeJa01,364.0,535.0,3857.0,24.0,2021
100,100,KendrickBourne,NWE,26,WR,17,70,55,78.6%,800,14.5,5,11.4,3.2,47.1,BourKe00,364.0,535.0,3857.0,24.0,2021
101,101,NelsonAgholor,NWE,28,WR,15,64,37,57.8%,473,12.8,3,7.4,2.5,31.5,AghoNe00,364.0,535.0,3857.0,24.0,2021
102,102,NKealHarry,NWE,24,WR,12,22,12,54.5%,184,15.3,0,8.4,1.0,15.3,HarrNK00,364.0,535.0,3857.0,24.0,2021
103,103,KristianWilkerson,NWE,24,WR,3,8,4,50.0%,42,10.5,2,5.3,1.3,14.0,WilkKr00,364.0,535.0,3857.0,24.0,2021
104,104,GunnerOlszewski,NWE,25,WR,16,3,2,66.7%,31,15.5,0,10.3,0.1,1.9,OlszGu00,364.0,535.0,3857.0,24.0,2021
105,105,JaMarrChase,CIN,21,WR,17,128,81,63.3%,1455,18.0,13,11.4,4.8,85.6,ChasJa00,384.0,555.0,4403.0,36.0,2021
106,106,TeeHiggins,CIN,22,WR,14,110,74,67.3%,1091,14.7,6,9.9,5.3,77.9,HiggTe00,384.0,555.0,4403.0,36.0,2021
107,107,TylerBoyd,CIN,27,WR,16,94,67,71.3%,828,12.4,5,8.8,4.2,51.8,BoydTy00,384.0,555.0,4403.0,36.0,2021
108,108,MikeThomas,CIN,27,WR,12,11,5,45.5%,52,10.4,0,4.7,0.4,4.3,ThomMi04,384.0,555.0,4403.0,36.0,2021
109,109,AudenTate,CIN,24,WR,7,4,3,75.0%,39,13.0,1,9.8,0.4,5.6,TateAu00,384.0,555.0,4403.0,36.0,2021
110,110,TrentonIrwin,CIN,26,WR,7,5,2,40.0%,34,17.0,0,6.8,0.3,4.9,IrwiTr00,384.0,555.0,4403.0,36.0,2021
111,111,StanleyMorganJr,CIN,25,WR,17,4,2,50.0%,11,5.5,0,2.8,0.1,0.6,MorgSt02,384.0,555.0,4403.0,36.0,2021
112,112,TrentTaylor,CIN,27,WR,4,3,2,66.7%,41,20.5,0,13.7,0.5,10.3,TaylTr02,384.0,555.0,4403.0,36.0,2021
113,113,DarnellMooney,CHI,24,WR,17,140,81,57.9%,1055,13.0,4,7.5,4.8,62.1,MoonDa00,332.0,542.0,3207.0,16.0,2021
114,114,AllenRobinson,CHI,28,WR,12,66,38,57.6%,410,10.8,1,6.2,3.2,34.2,RobiAl02,332.0,542.0,3207.0,16.0,2021
115,115,DamiereByrd,CHI,28,WR,17,38,26,68.4%,329,12.7,1,8.7,1.5,19.4,ByrdDa00,332.0,542.0,3207.0,16.0,2021
116,116,MarquiseGoodwin,CHI,31,WR,14,40,20,50.0%,313,15.7,1,7.8,1.4,22.4,GoodMa00,332.0,542.0,3207.0,16.0,2021
117,117,JesperHorsted,CHI,24,WR,7,3,2,66.7%,21,10.5,2,7.0,0.3,3.0,HorsJe00,332.0,542.0,3207.0,16.0,2021
118,118,DazzNewsome,CHI,22,WR,3,5,2,40.0%,23,11.5,0,4.6,0.7,7.7,NewsDa00,332.0,542.0,3207.0,16.0,2021
119,119,RodneyAdams,CHI,27,WR,1,1,0,0.0%,0,,0,0.0,0.0,0.0,AdamRo01,332.0,542.0,3207.0,16.0,2021
120,120,IsaiahCoulter,CHI,23,WR,3,1,0,0.0%,0,,0,0.0,0.0,0.0,CoulIs00,332.0,542.0,3207.0,16.0,2021
121,121,CeeDeeLamb,DAL,22,WR,16,120,79,65.8%,1102,13.9,6,9.2,4.9,68.9,LambCe00,444.0,647.0,4800.0,40.0,2021
122,122,AmariCooper,DAL,27,WR,15,104,68,65.4%,865,12.7,8,8.3,4.5,57.7,CoopAm00,444.0,647.0,4800.0,40.0,2021
123,123,CedrickWilsonJr,DAL,26,WR,16,61,45,73.8%,602,13.4,6,9.9,2.8,37.6,WilsCe01,444.0,647.0,4800.0,40.0,2021
124,124,MichaelGallup,DAL,25,WR,9,62,35,56.5%,445,12.7,2,7.2,3.9,49.4,GallMi00,444.0,647.0,4800.0,40.0,2021
125,125,NoahBrown,DAL,25,WR,13,25,16,64.0%,184,11.5,0,7.4,1.2,14.2,BrowNo00,444.0,647.0,4800.0,40.0,2021
126,126,MalikTurner,DAL,25,WR,14,16,12,75.0%,149,12.4,3,9.3,0.9,10.6,TurnMa00,444.0,647.0,4800.0,40.0,2021
127,127,ChristianKirk,ARI,25,WR,17,103,77,74.8%,982,12.8,5,9.5,4.5,57.8,KirkCh01,415.0,591.0,4276.0,27.0,2021
128,128,AJGreen,ARI,33,WR,16,92,54,58.7%,848,15.7,3,9.2,3.4,53.0,GreeA.00,415.0,591.0,4276.0,27.0,2021
129,129,RondaleMoore,ARI,21,WR,14,64,54,84.4%,435,8.1,1,6.8,3.9,31.1,MoorRo02,415.0,591.0,4276.0,27.0,2021
130,130,DeAndreHopkins,ARI,29,WR,10,64,42,65.6%,572,13.6,8,8.9,4.2,57.2,HopkDe00,415.0,591.0,4276.0,27.0,2021
131,131,AntoineWesley,ARI,24,WR,15,32,19,59.4%,208,10.9,3,6.5,1.3,13.9,WeslAn01,415.0,591.0,4276.0,27.0,2021
132,132,GregDortch,ARI,23,WR,5,3,3,100.0%,15,5.0,0,5.0,0.6,3.0,DortGr01,415.0,591.0,4276.0,27.0,2021
133,133,AndyIsabella,ARI,25,WR,8,1,1,100.0%,13,13.0,0,13.0,0.1,1.6,IsabAn00,415.0,591.0,4276.0,27.0,2021
134,134,TerryMcLaurin,WAS,26,WR,17,130,77,59.2%,1053,13.7,5,8.1,4.5,61.9,McLaTe00,356.0,550.0,3441.0,21.0,2021
135,135,JDMcKissic,WAS,28,WR,11,53,43,81.1%,397,9.2,2,7.5,3.9,36.1,McKiJ.00,356.0,550.0,3441.0,21.0,2021
136,136,AdamHumphries,WAS,28,WR,17,62,41,66.1%,383,9.3,0,6.2,2.4,22.5,HumpAd00,356.0,550.0,3441.0,21.0,2021
137,137,DeAndreCarter,WAS,28,WR,17,44,24,54.5%,296,12.3,3,6.7,1.4,17.4,CartDe02,356.0,550.0,3441.0,21.0,2021
138,138,CamSims,WAS,25,WR,14,23,15,65.2%,211,14.1,2,9.2,1.1,15.1,SimsCa00,356.0,550.0,3441.0,21.0,2021
139,139,DyamiBrown,WAS,22,WR,15,25,12,48.0%,165,13.8,0,6.6,0.8,11.0,BrowDy00,356.0,550.0,3441.0,21.0,2021
140,140,DaxMilne,WAS,22,WR,13,14,9,64.3%,83,9.2,0,5.9,0.7,6.4,MilnDa00,356.0,550.0,3441.0,21.0,2021
141,141,CurtisSamuel,WAS,25,WR,5,9,6,66.7%,27,4.5,0,3.0,1.2,5.4,SamuCu00,356.0,550.0,3441.0,21.0,2021
142,142,DeeboSamuel,SFO,25,WR,16,121,77,63.6%,1405,18.2,6,11.6,4.8,87.8,SamuDe00,343.0,514.0,4221.0,26.0,2021
143,143,BrandonAiyuk,SFO,23,WR,17,84,56,66.7%,826,14.8,5,9.8,3.3,48.6,AiyuBr00,343.0,514.0,4221.0,26.0,2021
144,144,JauanJennings,SFO,24,WR,16,38,24,63.2%,282,11.8,5,7.4,1.5,17.6,JennJa00,343.0,514.0,4221.0,26.0,2021
145,145,MohamedSanu,SFO,32,WR,8,24,15,62.5%,177,11.8,0,7.4,1.9,22.1,SanuMo00,343.0,514.0,4221.0,26.0,2021
146,146,TrentSherfield,SFO,25,WR,17,20,9,45.0%,87,9.7,1,4.4,0.5,5.1,SherTr00,343.0,514.0,4221.0,26.0,2021
147,147,TravisBenjamin,SFO,32,WR,10,5,0,0.0%,0,,0,0.0,0.0,0.0,BenjTr00,343.0,514.0,4221.0,26.0,2021
148,148,DKMetcalf,SEA,24,WR,17,129,75,58.1%,967,12.9,12,7.5,4.4,56.9,MetcDK00,324.0,495.0,3432.0,30.0,2021
149,149,TylerLockett,SEA,29,WR,16,107,73,68.2%,1175,16.1,8,11.0,4.6,73.4,LockTy00,324.0,495.0,3432.0,30.0,2021
150,150,FreddieSwain,SEA,23,WR,17,40,25,62.5%,343,13.7,4,8.6,1.5,20.2,SwaiFr00,324.0,495.0,3432.0,30.0,2021
151,151,DWayneEskridge,SEA,24,WR,10,20,10,50.0%,64,6.4,1,3.2,1.0,6.4,EskrDW00,324.0,495.0,3432.0,30.0,2021
152,152,PennyHart,SEA,25,WR,17,12,7,58.3%,59,8.4,0,4.9,0.4,3.5,HartPe01,324.0,495.0,3432.0,30.0,2021
153,153,MarvinJones,JAX,31,WR,17,120,73,60.8%,832,11.4,4,6.9,4.3,48.9,JoneMa02,361.0,604.0,3436.0,12.0,2021
154,154,LaviskaShenaultJr,JAX,23,WR,16,100,63,63.0%,619,9.8,0,6.2,3.9,38.7,ShenLa00,361.0,604.0,3436.0,12.0,2021
155,155,LaquonTreadwell,JAX,26,WR,12,51,33,64.7%,434,13.2,1,8.5,2.8,36.2,TreaLa00,361.0,604.0,3436.0,12.0,2021
156,156,JamalAgnew,JAX,26,WR,10,39,24,61.5%,229,9.5,1,5.9,2.4,22.9,AgneJa00,361.0,604.0,3436.0,12.0,2021
157,157,TavonAustin,JAX,31,WR,13,37,24,64.9%,213,8.9,1,5.8,1.8,16.4,AustTa00,361.0,604.0,3436.0,12.0,2021
158,158,DJChark,JAX,25,WR,4,22,7,31.8%,154,22.0,2,7.0,1.8,38.5,CharDJ00,361.0,604.0,3436.0,12.0,2021
159,159,DevinSmith,JAX,29,WR,4,1,0,0.0%,0,,0,0.0,0.0,0.0,SmitDe04,361.0,604.0,3436.0,12.0,2021
160,160,RussellGage,ATL,25,WR,14,94,66,70.2%,770,11.7,4,8.2,4.7,55.0,GageRu00,377.0,573.0,3713.0,20.0,2021
161,161,CalvinRidley,ATL,27,WR,5,52,31,59.6%,281,9.1,2,5.4,6.2,56.2,RidlCa00,377.0,573.0,3713.0,20.0,2021
162,162,OlamideZaccheaus,ATL,24,WR,17,53,31,58.5%,406,13.1,3,7.7,1.8,23.9,ZaccOl01,377.0,573.0,3713.0,20.0,2021
163,163,TajaeSharpe,ATL,27,WR,15,37,25,67.6%,230,9.2,0,6.2,1.7,15.3,SharTa00,377.0,573.0,3713.0,20.0,2021
164,164,ChristianBlake,ATL,25,WR,16,9,4,44.4%,25,6.3,0,2.8,0.3,1.6,BlakCh00,377.0,573.0,3713.0,20.0,2021
165,165,FrankDarby,ATL,24,WR,10,4,1,25.0%,14,14.0,0,3.5,0.1,1.4,DarbFr00,377.0,573.0,3713.0,20.0,2021
166,166,MarvinHall,ATL,28,WR,2,1,1,100.0%,10,10.0,0,10.0,0.5,5.0,HallMa02,377.0,573.0,3713.0,20.0,2021
167,167,DeVontaSmith,PHI,23,WR,17,104,64,61.5%,916,14.3,5,8.8,3.8,53.9,SmitDe07,307.0,494.0,3404.0,20.0,2021
168,168,QuezWatkins,PHI,23,WR,17,62,43,69.4%,647,15.0,1,10.4,2.5,38.1,WatkQu00,307.0,494.0,3404.0,20.0,2021
169,169,JalenReagor,PHI,22,WR,17,57,33,57.9%,299,9.1,2,5.2,1.9,17.6,ReagJa00,307.0,494.0,3404.0,20.0,2021
170,170,GregWard,PHI,26,WR,17,11,7,63.6%,95,13.6,3,8.6,0.4,5.6,WardGr02,307.0,494.0,3404.0,20.0,2021
171,171,JJArcegaWhiteside,PHI,25,WR,16,5,2,40.0%,36,18.0,0,7.2,0.1,2.3,ArceJJ00,307.0,494.0,3404.0,20.0,2021
172,172,AJBrown,TEN,24,WR,13,105,63,60.0%,869,13.8,5,8.3,4.8,66.8,BrowAJ00,359.0,535.0,3418.0,22.0,2021
173,173,NickWestbrookIkhine,TEN,24,WR,16,57,38,66.7%,476,12.5,4,8.4,2.4,29.8,WestNi00,359.0,535.0,3418.0,22.0,2021
174,174,JulioJones,TEN,32,WR,10,48,31,64.6%,434,14.0,1,9.0,3.1,43.4,JoneJu02,359.0,535.0,3418.0,22.0,2021
175,175,ChesterRogers,TEN,27,WR,16,43,30,69.8%,301,10.0,1,7.0,1.9,18.8,RogeCh02,359.0,535.0,3418.0,22.0,2021
176,176,MarcusJohnson,TEN,27,WR,7,19,9,47.4%,160,17.8,0,8.4,1.3,22.9,JohnMa07,359.0,535.0,3418.0,22.0,2021
177,177,DezFitzpatrick,TEN,24,WR,4,8,5,62.5%,49,9.8,1,6.1,1.3,12.3,FitzDe00,359.0,535.0,3418.0,22.0,2021
178,178,CodyHollister,TEN,28,WR,3,7,4,57.1%,33,8.3,0,4.7,1.3,11.0,HollCo00,359.0,535.0,3418.0,22.0,2021
179,179,CameronBatson,TEN,26,WR,4,5,2,40.0%,15,7.5,1,3.0,0.5,3.8,BatsCa00,359.0,535.0,3418.0,22.0,2021
180,180,RaceyMcMath,TEN,22,WR,9,6,2,33.3%,8,4.0,0,1.3,0.2,0.9,McMaRa00,359.0,535.0,3418.0,22.0,2021
181,181,CourtlandSutton,DEN,26,WR,17,98,58,59.2%,776,13.4,2,7.9,3.4,45.6,SuttCo00,354.0,541.0,3593.0,20.0,2021
182,182,TimPatrick,DEN,28,WR,16,85,53,62.4%,734,13.8,5,8.6,3.3,45.9,PatrTi00,354.0,541.0,3593.0,20.0,2021
183,183,JerryJeudy,DEN,22,WR,10,56,38,67.9%,467,12.3,0,8.3,3.8,46.7,JeudJe00,354.0,541.0,3593.0,20.0,2021
184,184,KendallHinton,DEN,24,WR,16,23,15,65.2%,175,11.7,1,7.6,0.9,10.9,HintKe00,354.0,541.0,3593.0,20.0,2021
185,185,KJHamler,DEN,22,WR,3,10,5,50.0%,74,14.8,0,7.4,1.7,24.7,HamlKJ00,354.0,541.0,3593.0,20.0,2021
186,186,DiontaeSpencer,DEN,29,WR,15,4,1,25.0%,-3,-3.0,0,-0.8,0.1,-0.2,SpenDi00,354.0,541.0,3593.0,20.0,2021
187,187,SethWilliams,DEN,21,WR,2,1,1,100.0%,34,34.0,0,34.0,0.5,17.0,WillSe00,354.0,541.0,3593.0,20.0,2021
188,188,TyrieCleveland,DEN,24,WR,7,1,0,0.0%,0,,0,0.0,0.0,0.0,ClevTy00,354.0,541.0,3593.0,20.0,2021
189,189,JarvisLandry,CLE,29,WR,12,87,52,59.8%,570,11.0,2,6.6,4.3,47.5,LandJa00,320.0,520.0,3320.0,21.0,2021
190,190,DonovanPeoplesJones,CLE,22,WR,14,58,34,58.6%,597,17.6,3,10.3,2.4,42.6,PeopDo00,320.0,520.0,3320.0,21.0,2021
191,191,RashardHiggins,CLE,27,WR,15,47,24,51.1%,275,11.5,1,5.9,1.6,18.3,HiggRa00,320.0,520.0,3320.0,21.0,2021
192,192,DemetricFelton,CLE,23,WR,16,21,18,85.7%,181,10.1,2,8.6,1.1,11.3,FeltDe00,320.0,520.0,3320.0,21.0,2021
193,193,AnthonySchwartz,CLE,21,WR,14,23,10,43.5%,135,13.5,1,5.9,0.7,9.6,SchwAn00,320.0,520.0,3320.0,21.0,2021
194,194,JaMarcusBradley,CLE,25,WR,5,4,4,100.0%,64,16.0,0,16.0,0.8,12.8,BradJa01,320.0,520.0,3320.0,21.0,2021
195,195,JamisonCrowder,NYJ,28,WR,12,71,51,71.8%,447,8.8,2,6.3,4.3,37.3,CrowJa00,357.0,603.0,3541.0,20.0,2021
196,196,BraxtonBerrios,NYJ,26,WR,16,65,46,70.8%,431,9.4,2,6.6,2.9,26.9,BerrBr00,357.0,603.0,3541.0,20.0,2021
197,197,ElijahMoore,NYJ,21,WR,11,77,43,55.8%,538,12.5,5,7.0,3.9,48.9,MoorEl00,357.0,603.0,3541.0,20.0,2021
198,198,CoreyDavis,NYJ,26,WR,9,59,34,57.6%,492,14.5,4,8.3,3.8,54.7,DaviCo03,357.0,603.0,3541.0,20.0,2021
199,199,KeelanCole,NYJ,28,WR,15,51,28,54.9%,449,16.0,1,8.8,1.9,29.9,ColeKe00,357.0,603.0,3541.0,20.0,2021
200,200,DenzelMims,NYJ,24,WR,11,23,8,34.8%,133,16.6,0,5.8,0.7,12.1,MimsDe00,357.0,603.0,3541.0,20.0,2021
201,201,JeffSmith,NYJ,24,WR,12,17,8,47.1%,113,14.1,0,6.6,0.7,9.4,SmitJe03,357.0,603.0,3541.0,20.0,2021
202,202,DJMontgomery,NYJ,25,WR,3,6,3,50.0%,36,12.0,0,6.0,1.0,12.0,MontDJ01,357.0,603.0,3541.0,20.0,2021
203,203,DanielBrown,NYJ,29,WR,12,2,2,100.0%,29,14.5,0,14.5,0.2,2.4,BrowDa04,357.0,603.0,3541.0,20.0,2021
204,204,TarikBlack,NYJ,23,WR,1,2,1,50.0%,10,10.0,0,5.0,1.0,10.0,BlacTa00,357.0,603.0,3541.0,20.0,2021
205,205,VyncintSmith,NYJ,25,WR,2,1,0,0.0%,0,,0,0.0,0.0,0.0,SmitVy00,357.0,603.0,3541.0,20.0,2021
206,206,MarquezCallaway,NOR,23,WR,17,84,46,54.8%,698,15.2,6,8.3,2.7,41.1,CallMa01,293.0,504.0,3186.0,29.0,2021
207,207,DeonteHarty,NOR,24,WR,13,59,36,61.0%,570,15.8,3,9.7,2.8,43.8,HarrDe07,293.0,504.0,3186.0,29.0,2021
208,208,TreQuanSmith,NOR,25,WR,11,50,32,64.0%,377,11.8,3,7.5,2.9,34.3,SmitTr03,293.0,504.0,3186.0,29.0,2021
209,209,TyMontgomery,NOR,28,WR,14,26,16,61.5%,95,5.9,0,3.7,1.1,6.8,MontTy01,293.0,504.0,3186.0,29.0,2021
210,210,LilJordanHumphrey,NOR,23,WR,10,18,13,72.2%,249,19.2,2,13.8,1.3,24.9,HumpLi01,293.0,504.0,3186.0,29.0,2021
211,211,JuwanJohnson,NOR,25,WR,14,22,13,59.1%,159,12.2,4,7.2,0.9,11.4,JohnJu02,293.0,504.0,3186.0,29.0,2021
212,212,KennyStills,NOR,29,WR,13,23,6,26.1%,68,11.3,1,3.0,0.5,5.2,StilKe00,293.0,504.0,3186.0,29.0,2021
213,213,ChrisHogan,NOR,34,WR,5,8,4,50.0%,41,10.3,1,5.1,0.8,8.2,HogaCh00,293.0,504.0,3186.0,29.0,2021
214,214,KevinWhite,NOR,29,WR,6,5,1,20.0%,38,38.0,0,7.6,0.2,6.3,WhitKe00,293.0,504.0,3186.0,29.0,2021
215,215,EasopWinston,NOR,25,WR,3,1,1,100.0%,5,5.0,0,5.0,0.3,1.7,WinsEa00,293.0,504.0,3186.0,29.0,2021
216,227,KadariusToney,NYG,22,WR,10,57,39,68.4%,420,10.8,0,7.4,3.9,42.0,ToneKa00,351.0,593.0,3196.0,15.0,2021
217,228,KennyGolladay,NYG,28,WR,14,76,37,48.7%,521,14.1,0,6.9,2.6,37.2,GollKe00,351.0,593.0,3196.0,15.0,2021
218,229,SterlingShepard,NYG,28,WR,7,53,36,67.9%,366,10.2,1,6.9,5.1,52.3,ShepSt00,351.0,593.0,3196.0,15.0,2021
219,230,DariusSlayton,NYG,24,WR,13,58,26,44.8%,339,13.0,2,5.8,2.0,26.1,SlayDa01,351.0,593.0,3196.0,15.0,2021
220,231,CollinJohnson,NYG,24,WR,12,21,11,52.4%,105,9.5,0,5.0,0.9,8.8,JohnCo01,351.0,593.0,3196.0,15.0,2021
221,232,JohnRoss,NYG,26,WR,10,20,11,55.0%,224,20.4,1,11.2,1.1,22.4,RossJo00,351.0,593.0,3196.0,15.0,2021
222,233,DantePettis,NYG,26,WR,3,16,10,62.5%,87,8.7,1,5.4,3.3,29.0,PettDa00,351.0,593.0,3196.0,15.0,2021
223,234,CJBoard,NYG,28,WR,6,6,4,66.7%,51,12.8,0,8.5,0.7,8.5,BoarC.00,351.0,593.0,3196.0,15.0,2021
224,235,PharohCooper,NYG,26,WR,8,11,4,36.4%,33,8.3,0,3.0,0.5,4.1,CoopPh00,351.0,593.0,3196.0,15.0,2021
225,236,DavidSills,NYG,25,WR,4,6,2,33.3%,17,8.5,0,2.8,0.5,4.3,SillDa01,351.0,593.0,3196.0,15.0,2021
226,237,PhillipDorsett,3TM,28,WR,6,14,7,50.0%,110,15.7,0,7.9,1.2,18.3,DorsPh00,,,,,2021
227,238,JohnBrown,3TM,31,WR,4,3,0,0.0%,0,,0,0.0,0.0,0.0,BrowJo02,,,,,2021
